{"kcat":[253.725,9.41918,7.78902,17.5284,3.51228,40.154,1.22954,1.73296,2.60922],"kcat_phos":[],"km":[0.00107517,0.0133602,0.0290285,0.0643266,0.498185,0.0212094,0.00962892,0.00242316,0.0477173,0.00258027,0.178113,2.15725,0.999429,0.185475,2.9242,0.581194,0.0324167,0.009538,0.00751427,0.00545839,0.0171877,0.00173364,0.00920799,0.0578381,0.0797188,0.021524],"dgf":[1103.18,330.665,483.939,1371.31,-243.886,878.319,73.8196,19.6556,139.388,500.969,11.4218,481.499,-0.0262676,1058.09,624.781,611.938,-428.417,-841.997,1047.52,233.734,621.438],"ki":[7.83639e-5,0.0086446],"diss_t":[0.217165,0.00498774],"diss_r":[0.235713,0.201239,0.0804233,0.000329752],"transfer_constant":[1.89305,0.974765,0.295509,0.603743],"conc_unbalanced":[[0.015217,1.49454,0.582441,0.00266964,0.0340793,1.36619,1.27277,0.674908,0.00257736,0.00119844,0.247983,1.00156,0.365526,4.61974e-5,1.56748,0.0232179],[0.00397381,1.36035,0.910624,0.00233284,0.0368995,1.49931,1.29783,0.964335,0.00230875,0.00116162,0.246249,0.95815,0.490849,7.59048e-5,1.57006,0.0223829],[0.00100334,1.35787,0.898734,0.00299753,0.0799869,1.73888,1.12325,2.18448,0.00249415,0.0012419,0.245093,1.0423,0.865272,0.000169782,1.66023,0.0234719],[0.00240332,1.50268,1.46494,0.00201436,0.0632273,1.52726,2.54974,2.04915,0.00241876,0.00121851,0.249255,0.996345,0.44825,6.50127e-5,1.61012,0.0245681],[0.00068206,1.47265,1.3926,0.0017342,0.0446668,1.5756,1.44846,0.601209,0.00230614,0.0011341,0.249887,1.06024,0.549054,0.000159999,1.57938,0.0228942],[0.0342267,1.38646,0.377617,0.00221763,0.0622681,1.30709,1.39169,1.57392,0.00370419,0.00128709,0.244261,0.986345,0.411209,7.3925e-5,1.56845,0.0226169],[0.00305716,1.47916,0.793874,0.00204963,0.042191,1.57198,1.71934,1.43541,0.00199738,0.00116328,0.246479,0.904045,0.783887,5.50294e-5,1.59157,0.0219692],[0.00801544,1.4979,0.361155,0.0022869,0.0504112,1.39178,1.26006,1.00968,0.00277965,0.00120875,0.252729,1.0264,0.571395,0.000175267,1.54508,0.0227926],[0.00483546,1.46507,0.512918,0.00225299,0.0439315,1.46839,1.49383,1.27265,0.00355531,0.00115743,0.236345,1.04098,0.473334,7.03362e-5,1.53958,0.0216014],[0.00703553,1.42862,1.30946,0.00157236,0.055531,1.53955,1.57233,3.02601,0.00279704,0.00122381,0.244534,0.99311,0.322288,4.58051e-5,1.5508,0.0236717],[0.0101114,1.41476,0.387997,0.00187635,0.0524327,1.40059,1.03705,1.33714,0.00324993,0.0011844,0.232483,1.01735,0.87137,5.71834e-5,1.5789,0.0210941],[0.00553321,1.60603,0.60618,0.00218868,0.0606389,1.47217,1.40446,1.0184,0.00289901,0.00130204,0.235066,0.974662,0.652273,9.40972e-5,1.56868,0.0225664]],"drain":[[0.132966,0.738054],[0.122291,0.829759],[0.133985,0.826138],[0.142867,0.701659],[0.15734,1.24607],[0.109033,0.803415],[0.140552,0.747022],[0.13162,0.749181],[0.139546,0.802586],[0.215221,0.755919],[0.160424,0.772389],[0.136783,0.788104]],"conc_enzyme":[[1.05824,1.08589,1.26835,1.04624,0.90666,0.988088,0.997178,1.0634,1.00037],[0.979638,0.946481,0.973486,1.00741,0.997256,2.05707,1.03534,0.903642,1.01456],[1.03532,0.998963,0.963831,1.09637,0.962918,0.988353,0.681866,0.983059,0.931187],[1.00005,0.960108,0.766223,0.903897,0.904259,1.0578,1.02483,1.02492,1.02546],[0.931346,1.03288,1.10782,1.15695,0.967416,1.01374,0.966435,1.02458,0.945799],[0.965869,0.097072,1.00958,0.851891,1.01559,0.942273,1.1803,0.937078,1.01718],[1.02623,1.07739,0.993187,1.00321,0.968265,1.04991,0.960036,1.01613,0.208696],[1.05448,0.957237,1.05099,0.983169,1.01305,1.01813,0.990396,1.84777,1.01781],[2.08372,1.00336,0.941844,1.038,0.98686,1.02125,0.966027,0.926988,1.01597],[0.962456,0.972677,1.03345,0.947834,1.04346,1.04619,1.04481,1.02743,0.947771],[1.00074,1.05183,0.939931,1.12329,0.518325,0.996188,0.942297,0.947266,1.03904],[1.05759,0.978492,0.915533,1.89869,0.984609,0.978572,0.965536,1.02158,0.994839]],"conc_phos":[],"log_kcat_z":[0.5671967437392944,-1.136550777310177,-2.722607589419039,1.0400706248119416,0.23390401944104006,0.46635606089923276,-1.1791546208832036,-0.1836660051879412,0.4377153366578211],"log_kcat_phos_z":[],"log_km_z":[-0.7126936791138117,-2.32597368877351,0.9615460766606465,1.7354130254934095,-0.4668285463817725,0.3753315784798501,0.9296529809399647,0.04017630639518144,3.260707361960692,-0.616379653012471,-0.3377574870754755,0.19189007566682156,-0.17357237654936883,0.7247525778348481,0.3632236744925229,-0.3624961138009683,0.6940050048973901,-0.001096834608432911,1.1070747932514686,-0.6335707334707322,-0.8222211790047078,0.0038839792486594195,-0.7182692981038095,0.4731798041592996,-0.5503242618746704,0.13944370477818355],"dgf_z":[0.23600000000001273,0.933000000000004,0.12038461538461813,1.1218599999999697,0.912890601284724,-0.736200000000008,0.6178974358974352,-0.7662518518518519,0.3133320021959204,-0.06960179999999809,0.6309999999999999,-0.6040945622624421,-0.0262676,-0.21531600000002982,0.9710070840545917,-0.7289515956290467,-0.35319861940432573,-0.04919880765569513,-0.05599999999999454,-0.5387062430795448,0.28759999999999764],"log_ki_z":[-3.24881781771738,0.38532024371247076],"log_diss_t_z":[-0.16156252069297217,0.2541853063454398],"log_diss_r_z":[0.4693521187037708,-0.21775775649466864,-0.08328647820239632,-1.1040133554351526],"log_transfer_constant_z":[0.319094642489632,-0.012779431338331758,0.5417645536235264,-0.8016094784767881],