{"N_mic":21,"N_unbalanced":16,"N_metabolite":21,"N_km":26,"N_reaction":10,"N_enzyme":9,"N_edge":11,"N_phosphorylation_enzymes":0,"N_experiment":12,"N_flux_measurement":48,"N_enzyme_measurement":0,"N_conc_measurement":60,"N_ki":2,"N_ai":2,"N_aa":4,"N_ae":4,"N_pa":0,"N_pi":0,"N_drain":2,"unbalanced_mic_ix":[2,5,6,7,8,9,10,13,14,15,16,17,18,19,20,21],"balanced_mic_ix":[1,3,4,11,12],"ix_ci":[3,1],"ix_ai":[14,4],"ix_aa":[4,4,4,3],"ix_pa":[],"ix_pi":[],"S":[[0,0,0,0,0,0,0,-1,1,0,0],[1,0,0,0,0,0,0,0,0,0,0],[-1,0,0,1,0,0,1,0,0,0,0],[0,0,0,-1,1,1,-1,0,0,0,0],[0,0,0,0,-1,-1,0,0,0,0,0],[0,0,0,0,0,0,1,0,0,0,0],[0,0,1,0,0,0,0,0,0,0,0],[0,1,0,0,0,0,0,0,0,0,0],[0,0,0,-1,0,0,0,0,0,0,0],[0,-1,0,0,0,0,0,0,0,0,0],[1,-1,-1,0,0,0,0,-1,0,0,0],[0,1,0,0,-1,-1,0,1,0,-1,1],[0,0,0,0,0,0,-1,0,0,0,0],[0,0,0,0,0,0,0,0,-1,0,0],[0,0,0,0,0,0,0,0,1,0,0],[0,0,0,0,0,0,0,0,-1,0,0],[0,0,0,0,1,1,0,0,0,0,0],[0,0,0,0,1,1,0,0,0,0,0],[0,0,0,1,0,0,0,0,0,0,0],[0,0,-1,0,0,0,0,0,0,0,0],[0,0,0,0,0,0,0,1,0,0,0]],"edge_type":[1,1,1,3,3,3,1,1,3,2,2],"edge_to_enzyme":[1,2,3,4,5,6,7,8,9,0,0],"edge_to_drain":[0,0,0,0,0,0,0,0,0,1,2],"edge_to_reaction":[1,2,3,4,5,5,6,7,8,9,10],"water_stoichiometry":[-1.0,0.0,1.0,0.0,-1.0,-1.0,0.0,0.0,0.0,0.0,0.0],"mic_to_met":[1,2,3,4,5,6,7,8,9,10,11,12,13,14,15,16,17,18,19,20,21],"km_lookup":[[0,0,0,0,0,0,0,21,0,0,0],[1,0,0,0,0,0,0,0,0,0,0],[2,0,0,0,0,0,17,0,0,0,0],[0,0,0,11,0,0,18,0,0,0,0],[0,0,0,0,13,15,0,0,0,0,0],[0,0,0,0,0,0,19,0,0,0,0],[0,0,8,0,0,0,0,0,0,0,0],[0,4,0,0,0,0,0,0,0,0,0],[0,0,0,12,0,0,0,0,0,0,0],[0,5,0,0,0,0,0,0,0,0,0],[3,6,9,0,0,0,0,22,0,0,0],[0,7,0,0,14,16,0,23,0,0,0],[0,0,0,0,0,0,20,0,0,0,0],[0,0,0,0,0,0,0,0,25,0,0],[0,0,0,0,0,0,0,0,0,0,0],[0,0,0,0,0,0,0,0,26,0,0],[0,0,0,0,0,0,0,0,0,0,0],[0,0,0,0,0,0,0,0,0,0,0],[0,0,0,0,0,0,0,0,0,0,0],[0,0,10,0,0,0,0,0,0,0,0],[0,0,0,0,0,0,0,24,0,0,0]],"is_knockout":[[0,0,0,0,0,0,0,0,0],[0,0,0,0,0,0,0,0,0],[0,0,0,0,0,0,0,0,0],[0,0,0,0,0,0,0,0,0],[0,0,0,0,0,0,0,0,0],[0,0,0,0,0,0,0,0,0],[0,0,0,0,0,0,0,0,0],[0,0,0,0,0,0,0,0,0],[0,0,0,0,0,0,0,0,0],[0,0,0,0,0,0,0,0,0],[0,0,0,0,0,0,0,0,0],[0,0,0,0,0,0,0,0,0]],"is_phos_knockout":[[],[],[],[],[],[],[],[],[],[],[],[]],"subunits":[1,1,2,4,1,2,1,1,2],"n_ci":[0,0,0,1,0,0,1,0,0,0,0],"n_ai":[0,0,0,1,0,0,0,0,1,0,0],"n_aa":[0,0,1,1,0,1,0,0,1,0,0],"n_pa":[0,0,0,0,0,0,0,0,0,0,0],"n_pi":[0,0,0,0,0,0,0,0,0,0,0],"priors_dgf":[[1102.0,326.0,483.0,1365.7007,-246.0,882.0,69.0,30.0,138.779651,501.317009,6.5,492.0,0.0,1059.16658,580.976102,644.793255,-428.21047,-841.93381,1047.8,234.465994,620.0],[5.0,5.0,7.8,5.0,2.31572107,5.0,7.8,13.5,1.94154761,5.0,7.8,17.3830401,1.0,5.0,45.1128511,45.0719296,0.58474181,1.28438072,5.0,1.35879992,5.0]],"priors_kcat":[[219.0890230020662,14.491376746189436,43.3589667773576,6.4807406984078595,2.2,15.8,13.0,1.816590212458495,2.3366642891095846],[0.2587688663765167,0.37904661893881425,0.6305713996118358,0.9566538942495864,2.0,2.0,2.0,0.25660875610976536,0.2520517833785601]],"priors_km":[[0.004472136,1.4,0.004242641,0.002,1.267280553,0.01959591794226543,0.0015,0.00223607,0.005000000000000002,0.0028284271247461914,0.35,1.469693846,1.414213562,0.10039920318408903,1.414213562,1.2,0.012961481396815723,0.00953939201416945,0.006131883886702358,0.006131883886702358,0.089,0.0017320508075688772,0.038729833,0.022449944,0.08124038404635962,0.021166010488516726],[2.0,2.0,2.0,2.0,2.0,0.21080880979937816,2.0,2.0,0.6918302848827697,0.14897754293212312,2.0,2.0,2.0,0.8468625708051929,2.0,2.0,1.3208719331086916,0.13304957855055413,0.18363877081546645,0.18363877081546645,2.0,0.2361238189969911,2.0,2.0,0.03435614740289044,0.12027775256229771]],"priors_ki":[[0.052,0.004],[2.0,2.0]],"priors_diss_t":[[0.3,0.003],[2.0,2.0]],"priors_diss_r":[[0.092195445,0.2449489742783178,0.095,0.003],[2.0,0.9026390946821478,2.0,2.0]],"priors_kcat_phos":[[],[]],"priors_transfer_constant":[[1.0,1.0,0.1,3.0],[2.0,2.0,2.0,2.0]],"priors_conc_unbalanced":[[[0.004472136,1.414213562,1.0,0.002236068,0.05,1.469693846,1.267280553,1.0,0.002828427,0.001224745,0.244948974,1.0,0.5,0.0001,1.587450787,0.022449944],[0.004472136,1.414213562,1.0,0.002236068,0.05,1.469693846,1.267280553,1.0,0.002828427,0.001224745,0.244948974,1.0,0.5,0.0001,1.587450787,0.022449944],[0.004472136,1.414213562,1.0,0.002236068,0.05,1.469693846,1.267280553,1.0,0.002828427,0.001224745,0.244948974,1.0,0.5,0.0001,1.587450787,0.022449944],[0.004472136,1.414213562,1.0,0.002236068,0.05,1.469693846,1.267280553,1.0,0.002828427,0.001224745,0.244948974,1.0,0.5,0.0001,1.587450787,0.022449944],[0.004472136,1.414213562,1.0,0.002236068,0.05,1.469693846,1.267280553,1.0,0.002828427,0.001224745,0.244948974,1.0,0.5,0.0001,1.587450787,0.022449944],[0.00447214,1.41421356,1.0,0.00223607,0.05,1.46969385,1.26728055,1.0,0.00282843,0.00122475,0.24494897,1.0,0.5,0.0001,1.58745079,0.02244994],[0.00447214,1.41421356,1.0,0.00223607,0.05,1.46969385,1.26728055,1.0,0.00282843,0.00122475,0.24494897,1.0,0.5,0.0001,1.58745079,0.02244994],[0.00447214,1.41421356,1.0,0.00223607,0.05,1.46969385,1.26728055,1.0,0.00282843,0.00122475,0.24494897,1.0,0.5,0.0001,1.58745079,0.02244994],[0.004472136,1.414213562,1.0,0.002236068,0.05,1.469693846,1.267280553,1.0,0.002828427,0.001224745,0.244948974,1.0,0.5,0.0001,1.587450787,0.022449944],[0.004472136,1.414213562,1.0,0.002236068,0.05,1.469693846,1.267280553,1.0,0.002828427,0.001224745,0.244948974,1.0,0.5,0.0001,1.587450787,0.022449944],[0.004472136,1.414213562,1.0,0.002236068,0.05,1.469693846,1.267280553,1.0,0.002828427,0.001224745,0.244948974,1.0,0.5,0.0001,1.587450787,0.022449944],[0.004472136,1.414213562,1.0,0.002236068,0.05,1.469693846,1.267280553,1.0,0.002828427,0.001224745,0.244948974,1.0,0.5,0.0001,1.587450787,0.022449944]],[[1.04,0.149,1.0,0.346,0.691,0.0872,0.753,1.0,0.447,0.0871,0.0871,0.1,0.692,1.0,0.054,0.095],[1.04,0.149,1.0,0.346,0.691,0.0872,0.753,1.0,0.447,0.0871,0.0871,0.1,0.692,1.0,0.054,0.095],[1.04,0.149,1.0,0.346,0.691,0.0872,0.753,1.0,0.447,0.0871,0.0871,0.1,0.692,1.0,0.054,0.095],[1.04,0.149,1.0,0.346,0.691,0.0872,0.753,1.0,0.447,0.0871,0.0871,0.1,0.692,1.0,0.054,0.095],[1.04,0.149,1.0,0.346,0.691,0.0872,0.753,1.0,0.447,0.0871,0.0871,0.1,0.692,1.0,0.054,0.095],[1.04,0.149,1.0,0.346,0.691,0.0872,0.753,1.0,0.447,0.0871,0.0871,0.1,0.692,1.0,0.054,0.095],[1.04,0.149,1.0,0.346,0.691,0.0872,0.753,1.0,0.447,0.0871,0.0871,0.1,0.692,1.0,0.054,0.095],[1.04,0.149,1.0,0.346,0.691,0.0872,0.753,1.0,0.447,0.0871,0.0871,0.1,0.692,1.0,0.054,0.095],[1.04,0.149,1.0,0.346,0.691,0.0872,0.753,1.0,0.447,0.0871,0.0871,0.1,0.692,1.0,0.054,0.095],[1.04,0.149,1.0,0.346,0.691,0.0872,0.753,1.0,0.447,0.0871,0.0871,0.1,0.692,1.0,0.054,0.095],[1.04,0.149,1.0,0.346,0.691,0.0872,0.753,1.0,0.447,0.0871,0.0871,0.1,0.692,1.0,0.054,0.095],[1.04,0.149,1.0,0.346,0.691,0.0872,0.753,1.0,0.447,0.0871,0.0871,0.1,0.692,1.0,0.054,0.095]]],"priors_conc_enzyme":[[[1.0,1.0,1.5,1.0,1.0,1.0,1.0,1.0,1.0],[1.0,1.0,1.0,1.0,1.0,2.0,1.0,1.0,1.0],[1.0,1.0,1.0,1.0,1.0,1.0,0.7,1.0,1.0],[1.0,1.0,0.7,1.0,1.0,1.0,1.0,1.0,1.0],[1.0,1.0,1.0,1.0,1.0,1.0,1.0,1.0,1.0],[1.0,0.1,1.0,1.0,1.0,1.0,1.0,1.0,1.0],[1.0,1.0,1.0,1.0,1.0,1.0,1.0,1.0,0.2],[1.0,1.0,1.0,1.0,1.0,1.0,1.0,2.0,1.0],[2.0,1.0,1.0,1.0,1.0,1.0,1.0,1.0,1.0],[1.0,1.0,1.0,1.0,1.0,1.0,1.0,1.0,1.0],[1.0,1.0,1.0,1.0,0.5,1.0,1.0,1.0,1.0],[1.0,1.0,1.0,2.0,1.0,1.0,1.0,1.0,1.0]],[[0.1,0.1,0.1,0.1,0.1,0.1,0.1,0.1,0.1],[0.1,0.1,0.1,0.1,0.1,0.1,0.1,0.1,0.1],[0.1,0.1,0.1,0.1,0.1,0.1,0.1,0.1,0.1],[0.1,0.1,0.1,0.1,0.1,0.1,0.1,0.1,0.1],[0.1,0.1,0.1,0.1,0.1,0.1,0.1,0.1,0.1],[0.1,2.0,0.1,0.1,0.1,0.1,0.1,0.1,0.1],[0.1,0.1,0.1,0.1,0.1,0.1,0.1,0.1,0.1],[0.1,0.1,0.1,0.1,0.1,0.1,0.1,0.1,0.1],[0.1,0.1,0.1,0.1,0.1,0.1,0.1,0.1,0.1],[0.1,0.1,0.1,0.1,0.1,0.1,0.1,0.1,0.1],[0.1,0.1,0.1,0.1,0.1,0.1,0.1,0.1,0.1],[0.1,0.1,0.1,0.1,0.1,0.1,0.1,0.1,0.1]]],"priors_conc_phos":[[],[]],